{
  "tconstruct": {
    "casting_table": true,
    "drain": true
  },
  "minecraft": {
    "horse_inventory": true,
    "total_ench_power": true,
    "chicken_egg": true,
    "horse_stat": true,
    "jukebox": true,
    "brewing_stand": true,
    "animal_owner": true,
    "inventory": true,
    "note_block": true,
    "beehive": true,
    "player_head": true,
    "lectern": true,
    "effective_tool": true,
    "harvest_tool": true,
    "armor_stand": true,
    "fluid": true,
    "profession": true,
    "item_tooltip": true,
    "breaking_progress": true,
    "tnt_stability": true,
    "ench_power": true,
    "mob_breeding": true,
    "item_frame": true,
    "crop_progress": true,
    "effects": true,
    "command_block": true,
    "display_furnace_contents": true,
    "mob_growth": true,
    "painting": true,
    "harvest_tool_new_line": false,
    "spawner_type": true,
    "redstone": true,
    "fe": true
  },
  "utilitix": {
    "experience_crystal": true,
    "linked_repeater": true,
    "crude_furnace": true,
    "advanced_brewery": true
  },
  "mekanism": {
    "infuse_type": true,
    "gas": true,
    "pigment": true,
    "fluid": true,
    "slurry": true,
    "energy": true
  },
  "jade": {
    "block_states": false,
    "entity_armor": true,
    "registry_name": true,
    "item_mod_name": true,
    "mod_name": true,
    "entity_hp": true
  },
  "mcjtylib": {
    "jadeaddons": true
  },
  "securitycraft": {
    "showowner": true,
    "showmodules": true,
    "showpasswords": true,
    "showcustomname": true
  },
  "productivebees": {
    "bee_attributes": true
  },
  "storagedrawers": {
    "display.stacklimit": true,
    "display.content": true,
    "display.status": true
  }
}